CanonicalPath,AlternativePath,ASE,MutualExclusivity,MutualExclusiveCanonical,MutualExclusiveAlternative,CanonicalPathTranscriptWeightedConservation,AlternativePathTranscriptWeightedConservation,CanonicalPathGenes,AlternativePathGenes,CommonGenes,CanonicalPathMinSeqLength,CanonicalPathMeanSeqLength,CanonicalPathMaxSeqLength,AlternativePathMinSeqLength,AlternativePathMeanSeqLength,AlternativePathMaxSeqLength,CanonicalPathConsensus,AlternativePathConsensus
5_0/5_1/24_0/23_0,5_0/50_0/23_0,alternative,mutually_exclusive,5_1/24_0,50_0/50_0,0.787878787878788,0.045454545454545456,ENSBTAG00000021538/ENSDARG00000036179/ENSG00000157483/ENSGGOG00000007653/ENSMMUG00000012933/ENSMODG00000008886/ENSMUSG00000032220/ENSRNOG00000061928/ENSSSCG00000004587/ENSXETG00000011588,ENSMODG00000008886,ENSMODG00000008886,34,34.0,34,5,5.0,5,VFDFLVDSINKAMEKDHEEYNIGVLDIYGFEIFQ,FSLFS
33_0/33_1/34_0,33_0/34_0,deletion,,,,0.6704545454545455,0.045454545454545456,ENSBTAG00000021538/ENSDARG00000036179/ENSG00000157483/ENSGGOG00000007653/ENSMMUG00000012933/ENSMODG00000008886/ENSMUSG00000032220/ENSSSCG00000004587/ENSXETG00000011588,ENSXETG00000011588,ENSXETG00000011588,1,1.4444444444444444,2,0,0.0,0,El,
17_0/19_0/6_0,17_0/6_0,deletion,,,,0.7954545454545454,0.11363636363636363,ENSBTAG00000021538/ENSDARG00000036179/ENSG00000157483/ENSGGOG00000007653/ENSMMUG00000012933/ENSMODG00000008886/ENSMUSG00000032220/ENSRNOG00000061928/ENSSSCG00000004587/ENSXETG00000011588,ENSMMUG00000012933/WBGene00002035,ENSMMUG00000012933,44,44.0,44,0,0.0,0,GKYFEIQFSPGGEPDGGKISNFLLEKSRVVMRNPGERSFHIFYQ,
start/0_9/11_1,start/0_7/11_1,alternative_start,mutually_exclusive,0_9,0_7,0.09090909090909091,0.07954545454545454,ENSMUSG00000032220,ENSMODG00000008886,,1,1.0,1,1,1.0,1,,
start/0_9/11_1,start/0_6/11_1,alternative_start,mutually_exclusive,0_9,0_6,0.09090909090909091,0.06818181818181818,ENSMUSG00000032220,ENSMMUG00000012933,,1,1.0,1,1,1.0,1,,
start/0_9/11_1,start/0_15/11_1,alternative_start,mutually_exclusive,0_9,0_15,0.09090909090909091,0.045454545454545456,ENSMUSG00000032220,ENSXETG00000011588,,1,1.0,1,1,1.0,1,,
start/0_9/11_1,start/0_12/11_1,alternative_start,mutually_exclusive,0_9,0_12,0.09090909090909091,0.045454545454545456,ENSMUSG00000032220,ENSSSCG00000004587,,1,1.0,1,1,1.0,1,,
4_0/13_0,4_0/4_1/13_0,insertion,,,,0.45454545454545453,0.28787878787878785,ENSBTAG00000021538/ENSMODG00000008886/ENSMUSG00000032220/ENSRNOG00000061928/ENSSSCG00000004587/ENSXETG00000011588,ENSDARG00000036179/ENSG00000157483/ENSGGOG00000007653/ENSMMUG00000012933,,0,0.0,0,1,1.0,1,,R
16_1/15_0/4_0,16_1/49_0/4_0,alternative,mutually_exclusive,15_0,49_0,0.7424242424242425,0.056818181818181816,ENSBTAG00000021538/ENSDARG00000036179/ENSG00000157483/ENSGGOG00000007653/ENSMMUG00000012933/ENSMUSG00000032220/ENSRNOG00000061928/ENSSSCG00000004587/ENSXETG00000011588,ENSMODG00000008886,,49,49.0,49,5,5.0,5,STMQDDIFILHEQEYDSLLESVFKTEFLSLLAKRYEEKTQKQLPLKFSNt,SLLES
13_1/9_0/9_1,13_1/13_2/9_1,alternative,mutually_exclusive,9_0,13_2,0.45454545454545453,0.28787878787878785,ENSBTAG00000021538/ENSMODG00000008886/ENSMUSG00000032220/ENSRNOG00000061928/ENSSSCG00000004587/ENSXETG00000011588,ENSDARG00000036179/ENSG00000157483/ENSGGOG00000007653/ENSMMUG00000012933,,1,1.0,1,1,1.0,1,G,G
