Species,GeneID,TranscriptIDCluster,ExonIDCluster,SubexonIDCluster,S_exonID,Strand,TranscriptsInGene,ExonRank,Cluster,SubexonStartPhase,SubexonEndPhase,SubexonRank,SubexonSequence,SubexonProteinSequence,SubexonCodingStart,SubexonCodingEnd,TranscriptsWithSubexon,S_exon_Rank,S_exon_Sequence,S_exon_Start,S_exon_End,S_exon_CodingStart,S_exon_CodingEnd,S_exon_StartPhase,S_exon_EndPhase,S_exon_Genomic_Sequence
bos_taurus,ENSBTAG00000019958,ENSBTAT00000031535/ENSBTAT00000072721,ENSBTAE00000216413,ENSBTAE00000216413_SE_1,1_0,-1,1,1,1,0,2,0,ATGGTGGACGTGCTGGGCGGGCGGCGCCTGGTGACCTGCGACGGCGCTTGGGTGGAGGCCGAGGCGGCGCTGCAGAACAAGGTGGTGGCGCTATACTTCGCCGCGGGCCGGTGCGCGCCCAGCCGCGACTTCACGCCGCTGCTCTGCGACTTCTACGAGGAGCTCGTGGACGAGGCGCGGCCGCCGGCGCCCTTCGAGGTGGTCTTCGTGTCCGCCGACGGCAGCGCGCAGGAAATGCTGGAATTCATGAAGGAACTGCACGGTGCCTGGCTGGCGCTGCCCTTCCACGACCCCTACCGGCA,MVDVLGGRRLVTCDGAWVEAEAALQNKVVALYFAAGRCAPSRDFTPLLCDFYEELVDEARPPAPFEVVFVSADGSAQEMLEFMKELHGAWLALPFHDPYRH,89602107,89601806,1,1,MVDVLGGRRLVTCDGAWVEAEAALQNKVVALYFAAGRCAPSRDFTPLLCDFYEELVDEARPPAPFEVVFVSADGSAQEMLEFMKELHGAWLALPFHDPYRH,1,101,89602107,89601806,0,2,ATGGTGGACGTGCTGGGCGGGCGGCGCCTGGTGACCTGCGACGGCGCTTGGGTGGAGGCCGAGGCGGCGCTGCAGAACAAGGTGGTGGCGCTATACTTCGCCGCGGGCCGGTGCGCGCCCAGCCGCGACTTCACGCCGCTGCTCTGCGACTTCTACGAGGAGCTCGTGGACGAGGCGCGGCCGCCGGCGCCCTTCGAGGTGGTCTTCGTGTCCGCCGACGGCAGCGCGCAGGAAATGCTGGAATTCATGAAGGAACTGCACGGTGCCTGGCTGGCGCTGCCCTTCCACGACCCCTACCGGCA
bos_taurus,ENSBTAG00000019958,ENSBTAT00000031535/ENSBTAT00000072721,ENSBTAE00000253590,ENSBTAE00000253590_SE_0,3_0,-1,1,2,3,2,0,1,CGAGCTGAGGACCAGGTACCACATCACGGCCATCCCCAGGCTTGTGATCCTGAAGCCCAGCGGGGAGGTCATCACCGACAAAGGGCGGAAGCAGATCCGGGAGCGGGGGCTGGCCTGCTTCCAGAACTGGGTGGAGGCAGCGGACATCTTCCAGAATTTCTCCAGTTGA,ELRTRYHITAIPRLVILKPSGEVITDKGRKQIRERGLACFQNWVEAADIFQNFSS*,89595741,89595573,1,2,ELRTRYHITAIPRLVILKPSGEVITDKGRKQIRERGLACFQNWVEAADIFQNFSS,1,55,89595741,89595573,2,0,CGAGCTGAGGACCAGGTACCACATCACGGCCATCCCCAGGCTTGTGATCCTGAAGCCCAGCGGGGAGGTCATCACCGACAAAGGGCGGAAGCAGATCCGGGAGCGGGGGCTGGCCTGCTTCCAGAACTGGGTGGAGGCAGCGGACATCTTCCAGAATTTCTCCAGTTGA
danio_rerio,ENSDARG00000003934,ENSDART00000016103,ENSDARE00000144053,ENSDARE00000144053_SE_0,1_0,1,1,1,1,0,2,0,ATGGTCGAGGTGTTTTCAGGCCGGACGCTGGTGAATAAAGAGGGGGATTTGGTGGAGCCGGAGGAGGCGCTCCGCAATAAGGTGGTGGGTCTGTATTTCTCCGCCGGCTGGTGTCCGCCCTGCAGGGACTTCACTCCGCTGCTCTGCGACTTTTACACGGAGCTGGTGGAGGAGACTGAACCGCCAGCACAGTTCGAGATCGTCTTCATATCCTCAGATAAATCCACCGAGGACATGGTGGAGTATTATCACGACATGCACGGAGACTGGCTGGCGTTACCCTGGACAGACCCATACAAACA,MVEVFSGRTLVNKEGDLVEPEEALRNKVVGLYFSAGWCPPCRDFTPLLCDFYTELVEETEPPAQFEIVFISSDKSTEDMVEYYHDMHGDWLALPWTDPYK,2582409,2582710,1,1,MVEVFSGRTLVNKEGDLVEPEEALRNKVVGLYFSAGWCPPCRDFTPLLCDFYTELVEETEPPAQFEIVFISSDKSTEDMVEYYHDMHGDWLALPWTDPYK,1,100,2582409,2582710,0,2,ATGGTCGAGGTGTTTTCAGGCCGGACGCTGGTGAATAAAGAGGGGGATTTGGTGGAGCCGGAGGAGGCGCTCCGCAATAAGGTGGTGGGTCTGTATTTCTCCGCCGGCTGGTGTCCGCCCTGCAGGGACTTCACTCCGCTGCTCTGCGACTTTTACACGGAGCTGGTGGAGGAGACTGAACCGCCAGCACAGTTCGAGATCGTCTTCATATCCTCAGATAAATCCACCGAGGACATGGTGGAGTATTATCACGACATGCACGGAGACTGGCTGGCGTTACCCTGGACAGACCCATACAAACA
danio_rerio,ENSDARG00000003934,ENSDART00000016103,ENSDARE00000428680,ENSDARE00000428680_SE_1,3_0,1,1,2,3,2,0,1,TGAACTGAAGAAGAGGTACAACATCACAGCCGTCCCAAAGCTGGTGATTGTGAAGGAGAATGGTCAGGTCATCACTGACAAGGGCCGAAAGCAGATCCGGGATCAGGGGCTGGCCTGCTTCAGGAGCTGGATCGAGGTGGCAGAGATCTTCCAGAACTTTAAAGGCTAG,HELKKRYNITAVPKLVIVKENGQVITDKGRKQIRDQGLACFRSWIEVAEIFQNFKG*,2584433,2584601,1,2,HELKKRYNITAVPKLVIVKENGQVITDKGRKQIRDQGLACFRSWIEVAEIFQNFKG,1,56,2584433,2584601,2,0,TGAACTGAAGAAGAGGTACAACATCACAGCCGTCCCAAAGCTGGTGATTGTGAAGGAGAATGGTCAGGTCATCACTGACAAGGGCCGAAAGCAGATCCGGGATCAGGGGCTGGCCTGCTTCAGGAGCTGGATCGAGGTGGCAGAGATCTTCCAGAACTTTAAAGGCTAG
homo_sapiens,ENSG00000130045,ENST00000375855,ENSE00003641651,ENSE00003641651_SE_0,1_0,1,1,1,1,0,2,0,ATGGTTGACATTCTGGGCGAGCGGCACCTGGTGACCTGTAAGGGCGCGACGGTGGAGGCCGAGGCGGCGCTGCAGAACAAGGTGGTGGCACTGTACTTCGCGGCGGCCCGGTGCGCGCCGAGCCGCGACTTCACGCCGCTGCTCTGCGACTTCTATACGGCGCTGGTGGCCGAGGCGCGGCGGCCCGCGCCCTTCGAAGTGGTCTTCGTGTCAGCCGACGGCAGCTCCCAGGAGATGCTGGACTTCATGCGCGAGCTGCATGGCGCCTGGCTGGCGCTGCCCTTCCACGACCCCTACCGGCA,MVDILGERHLVTCKGATVEAEAALQNKVVALYFAAARCAPSRDFTPLLCDFYTALVAEARRPAPFEVVFVSADGSSQEMLDFMRELHGAWLALPFHDPYR,88535435,88535736,1,1,MVDILGERHLVTCKGATVEAEAALQNKVVALYFAAARCAPSRDFTPLLCDFYTALVAEARRPAPFEVVFVSADGSSQEMLDFMRELHGAWLALPFHDPYR,1,100,88535435,88535736,0,2,ATGGTTGACATTCTGGGCGAGCGGCACCTGGTGACCTGTAAGGGCGCGACGGTGGAGGCCGAGGCGGCGCTGCAGAACAAGGTGGTGGCACTGTACTTCGCGGCGGCCCGGTGCGCGCCGAGCCGCGACTTCACGCCGCTGCTCTGCGACTTCTATACGGCGCTGGTGGCCGAGGCGCGGCGGCCCGCGCCCTTCGAAGTGGTCTTCGTGTCAGCCGACGGCAGCTCCCAGGAGATGCTGGACTTCATGCGCGAGCTGCATGGCGCCTGGCTGGCGCTGCCCTTCCACGACCCCTACCGGCA
homo_sapiens,ENSG00000130045,ENST00000375855,ENSE00001800223,ENSE00001800223_SE_1,4_0,1,1,2,4,2,0,1,ACGGAGTCTCGCTCTGTTGCCCAGGCTGGAGTGCAGTGGCGTGATCTTAGCTCACTGCAACCTTTGCCTCCTGGGTTCAAGTGATTCTCTAGCCTTAGCCTCCTGA,QRSLALLPRLECSGVILAHCNLCLLGSSDSLALAS*,88571087,88571192,1,2,QRSLALLPRLECSGVILAHCNLCLLGSSDSLALAS,1,35,88571087,88571192,2,0,ACGGAGTCTCGCTCTGTTGCCCAGGCTGGAGTGCAGTGGCGTGATCTTAGCTCACTGCAACCTTTGCCTCCTGGGTTCAAGTGATTCTCTAGCCTTAGCCTCCTGA
gorilla_gorilla,ENSGGOG00000027419,ENSGGOT00000025486,ENSGGOE00000238041,ENSGGOE00000238041_SE_0/ENSGGOE00000312846_SE_0,1_0,1,2,1,1,0,2,0,ATGGTTGACATTCTGGGCGGGCGGCACCTGGTGACCTGTAAGGGCGCGACGGTGGAGGCCGAGGCGGCGCTGCAGAACAAGGTGGTGGCACTGTACTTCGCGGCGGCCCGGTGCGCGCCGAGCCGCGACTTCACGCCGCTGCTCTGCGACTTCTATACGGCGCTGGTGGCCGAGGCGCGGCGGCCCGCGCCCTTCGAAGTGGTCTTCGTGTCAGCCGACGGCAGCTCCCAGGAGATGCTGGCCTTCATGCGCGAGCTGCATGGCGCCTGGCTGGCGCTGCCCTTCCACGACCCCTACCGGCA,MVDILGGRHLVTCKGATVEAEAALQNKVVALYFAAARCAPSRDFTPLLCDFYTALVAEARRPAPFEVVFVSADGSSQEMLAFMRELHGAWLALPFHDPYR,70477762,70478063,2,1,MVDILGGRHLVTCKGATVEAEAALQNKVVALYFAAARCAPSRDFTPLLCDFYTALVAEARRPAPFEVVFVSADGSSQEMLAFMRELHGAWLALPFHDPYR,1,100,70477762,70478063,0,2,ATGGTTGACATTCTGGGCGGGCGGCACCTGGTGACCTGTAAGGGCGCGACGGTGGAGGCCGAGGCGGCGCTGCAGAACAAGGTGGTGGCACTGTACTTCGCGGCGGCCCGGTGCGCGCCGAGCCGCGACTTCACGCCGCTGCTCTGCGACTTCTATACGGCGCTGGTGGCCGAGGCGCGGCGGCCCGCGCCCTTCGAAGTGGTCTTCGTGTCAGCCGACGGCAGCTCCCAGGAGATGCTGGCCTTCATGCGCGAGCTGCATGGCGCCTGGCTGGCGCTGCCCTTCCACGACCCCTACCGGCA
gorilla_gorilla,ENSGGOG00000027419,ENSGGOT00000025486,ENSGGOE00000186377,ENSGGOE00000186377_SE_1,3_0,1,2,2,3,2,0,1,TGAGCTGAGGAAGAGGTACAACGTCACAGCCATCCCCAAGCTTGTGATTGTGAAACAAAATGGGGAGGTCATCACCAACAAAGGGCGGAAGCAGATCCGGGAGCGGGGGTTGGCCTGCTTCCAGGACTGGGTGGAGGCGGCCGATATCTTCCAGAATTTCTCCGTTTGA,HELRKRYNVTAIPKLVIVKQNGEVITNKGRKQIRERGLACFQDWVEAADIFQNFSV*,70486046,70486214,1,2,HELRKRYNVTAIPKLVIVKQNGEVITNKGRKQIRERGLACFQDWVEAADIFQNFSV,1,56,70486046,70486214,2,0,TGAGCTGAGGAAGAGGTACAACGTCACAGCCATCCCCAAGCTTGTGATTGTGAAACAAAATGGGGAGGTCATCACCAACAAAGGGCGGAAGCAGATCCGGGAGCGGGGGTTGGCCTGCTTCCAGGACTGGGTGGAGGCGGCCGATATCTTCCAGAATTTCTCCGTTTGA
gorilla_gorilla,ENSGGOG00000027419,ENSGGOT00000053860,ENSGGOE00000312846,ENSGGOE00000238041_SE_0/ENSGGOE00000312846_SE_0,1_0,1,2,1,1,0,2,0,ATGGTTGACATTCTGGGCGGGCGGCACCTGGTGACCTGTAAGGGCGCGACGGTGGAGGCCGAGGCGGCGCTGCAGAACAAGGTGGTGGCACTGTACTTCGCGGCGGCCCGGTGCGCGCCGAGCCGCGACTTCACGCCGCTGCTCTGCGACTTCTATACGGCGCTGGTGGCCGAGGCGCGGCGGCCCGCGCCCTTCGAAGTGGTCTTCGTGTCAGCCGACGGCAGCTCCCAGGAGATGCTGGCCTTCATGCGCGAGCTGCATGGCGCCTGGCTGGCGCTGCCCTTCCACGACCCCTACCGGCA,MVDILGGRHLVTCKGATVEAEAALQNKVVALYFAAARCAPSRDFTPLLCDFYTALVAEARRPAPFEVVFVSADGSSQEMLAFMRELHGAWLALPFHDPYR,70477762,70478063,2,1,MVDILGGRHLVTCKGATVEAEAALQNKVVALYFAAARCAPSRDFTPLLCDFYTALVAEARRPAPFEVVFVSADGSSQEMLAFMRELHGAWLALPFHDPYR,1,100,70477762,70478063,0,2,ATGGTTGACATTCTGGGCGGGCGGCACCTGGTGACCTGTAAGGGCGCGACGGTGGAGGCCGAGGCGGCGCTGCAGAACAAGGTGGTGGCACTGTACTTCGCGGCGGCCCGGTGCGCGCCGAGCCGCGACTTCACGCCGCTGCTCTGCGACTTCTATACGGCGCTGGTGGCCGAGGCGCGGCGGCCCGCGCCCTTCGAAGTGGTCTTCGTGTCAGCCGACGGCAGCTCCCAGGAGATGCTGGCCTTCATGCGCGAGCTGCATGGCGCCTGGCTGGCGCTGCCCTTCCACGACCCCTACCGGCA
gorilla_gorilla,ENSGGOG00000027419,ENSGGOT00000053860,ENSGGOE00000352591,ENSGGOE00000352591_SE_2,4_0,1,2,2,4,2,0,1,ACGGAGTCTCGCTCTGTTGCCCAGGCTGGAGTGCAGTGGCGTGATCTTAGCTCACTGCAACCTTTGCCTCCTGGGTTCAAGTGATTCTCTAGCCTTAGCCTCCTGA,QRSLALLPRLECSGVILAHCNLCLLGSSDSLALAS*,70512855,70512960,1,2,QRSLALLPRLECSGVILAHCNLCLLGSSDSLALAS,1,35,70512855,70512960,2,0,ACGGAGTCTCGCTCTGTTGCCCAGGCTGGAGTGCAGTGGCGTGATCTTAGCTCACTGCAACCTTTGCCTCCTGGGTTCAAGTGATTCTCTAGCCTTAGCCTCCTGA
macaca_mulatta,ENSMMUG00000008414,ENSMMUT00000008032,ENSMMUE00000081372,ENSMMUE00000081372_SE_0,1_0,1,2,1,1,0,2,0,ATGGTTGACATTCTGGGCGGGCGGCACCTGGTGACCCGTAAGGGCGCGGCGGTGGAGGCCGAGGCGGCGCTACAGAACAAGGTGGTGGCACTGTACTTCGCGGCGGCCCGGTGCGGGCCGAGCCGCGACTTCACGCAGCTGCTCTGCGACTTCTACACGGCGCTGGTGGCCGAGGCGCGGCGGCCCGCGCCTTTCGAAGTAGTCTTCGTGTCAGCCGACGACAGCTCCCAGGAGATGCTGAACTTCATGCGCGAGCTGCATGGCACCTGGCTGGCGCTGCCCTTCCATGACCCCTACCGGCA,MVDILGGRHLVTRKGAAVEAEAALQNKVVALYFAAARCGPSRDFTQLLCDFYTALVAEARRPAPFEVVFVSADDSSQEMLNFMRELHGTWLALPFHDPYR,103541620,103541921,2,1,MVDILGGRHLVTRKGAAVEAEAALQNKVVALYFAAARCGPSRDFTQLLCDFYTALVAEARRPAPFEVVFVSADDSSQEMLNFMRELHGTWLALPFHDPYR,1,100,103541620,103541921,0,2,ATGGTTGACATTCTGGGCGGGCGGCACCTGGTGACCCGTAAGGGCGCGGCGGTGGAGGCCGAGGCGGCGCTACAGAACAAGGTGGTGGCACTGTACTTCGCGGCGGCCCGGTGCGGGCCGAGCCGCGACTTCACGCAGCTGCTCTGCGACTTCTACACGGCGCTGGTGGCCGAGGCGCGGCGGCCCGCGCCTTTCGAAGTAGTCTTCGTGTCAGCCGACGACAGCTCCCAGGAGATGCTGAACTTCATGCGCGAGCTGCATGGCACCTGGCTGGCGCTGCCCTTCCATGACCCCTACCGGCA
macaca_mulatta,ENSMMUG00000008414,ENSMMUT00000008032,ENSMMUE00000488528,ENSMMUE00000488528_SE_1,2_0,1,2,2,2,2,0,1,TTGGTGCAGGGAATGCAGAAAGCCCTGGAAGACAGCCGCGGGGCTGGGCAACTTGAGCGAGCATAAACCACCAAATCTCGGGCACCGCCCCAGCGTCAGGGGTGGGGAGACTGCGTTTCTGATGAGTTTCCGGGTGATATTGGTGTTGCTGCTCCTGGGACCCCACATTGTTCCTGACAGTGCTGGTCAAAGGCTGGTGCATGGACCCGTGTCAGTTGGGAATCAATCAGGAGTGCAGACGCTGTGGAACCTGGGGGTGCTCAGGAATCTGTAG,HWCRECRKPWKTAAGLGNLSEHKPPNLGHRPSVRGGETAFLMSFRVILVLLLLGPHIVPDSAGQRLVHGPVSVGNQSGVQTLWNLGVLRNL*,103545686,103545959,1,2,HWCRECRKPWKTAAGLGNLSEHKPPNLGHRPSVRGGETAFLMSFRVILVLLLLGPHIVPDSAGQRLVHGPVSVGNQSGVQTLWNLGVLRNL,1,91,103545686,103545959,2,0,TTGGTGCAGGGAATGCAGAAAGCCCTGGAAGACAGCCGCGGGGCTGGGCAACTTGAGCGAGCATAAACCACCAAATCTCGGGCACCGCCCCAGCGTCAGGGGTGGGGAGACTGCGTTTCTGATGAGTTTCCGGGTGATATTGGTGTTGCTGCTCCTGGGACCCCACATTGTTCCTGACAGTGCTGGTCAAAGGCTGGTGCATGGACCCGTGTCAGTTGGGAATCAATCAGGAGTGCAGACGCTGTGGAACCTGGGGGTGCTCAGGAATCTGTAG
macaca_mulatta,ENSMMUG00000008414,ENSMMUT00000011764,ENSMMUE00000081372,ENSMMUE00000081372_SE_0,1_0,1,2,1,1,0,2,0,ATGGTTGACATTCTGGGCGGGCGGCACCTGGTGACCCGTAAGGGCGCGGCGGTGGAGGCCGAGGCGGCGCTACAGAACAAGGTGGTGGCACTGTACTTCGCGGCGGCCCGGTGCGGGCCGAGCCGCGACTTCACGCAGCTGCTCTGCGACTTCTACACGGCGCTGGTGGCCGAGGCGCGGCGGCCCGCGCCTTTCGAAGTAGTCTTCGTGTCAGCCGACGACAGCTCCCAGGAGATGCTGAACTTCATGCGCGAGCTGCATGGCACCTGGCTGGCGCTGCCCTTCCATGACCCCTACCGGCA,MVDILGGRHLVTRKGAAVEAEAALQNKVVALYFAAARCGPSRDFTQLLCDFYTALVAEARRPAPFEVVFVSADDSSQEMLNFMRELHGTWLALPFHDPYR,103541620,103541921,2,1,MVDILGGRHLVTRKGAAVEAEAALQNKVVALYFAAARCGPSRDFTQLLCDFYTALVAEARRPAPFEVVFVSADDSSQEMLNFMRELHGTWLALPFHDPYR,1,100,103541620,103541921,0,2,ATGGTTGACATTCTGGGCGGGCGGCACCTGGTGACCCGTAAGGGCGCGGCGGTGGAGGCCGAGGCGGCGCTACAGAACAAGGTGGTGGCACTGTACTTCGCGGCGGCCCGGTGCGGGCCGAGCCGCGACTTCACGCAGCTGCTCTGCGACTTCTACACGGCGCTGGTGGCCGAGGCGCGGCGGCCCGCGCCTTTCGAAGTAGTCTTCGTGTCAGCCGACGACAGCTCCCAGGAGATGCTGAACTTCATGCGCGAGCTGCATGGCACCTGGCTGGCGCTGCCCTTCCATGACCCCTACCGGCA
macaca_mulatta,ENSMMUG00000008414,ENSMMUT00000011764,ENSMMUE00000526074,ENSMMUE00000526074_SE_2,3_0,1,2,2,3,2,0,1,TGAGCTGAGGAAGAGGTACAACGTCACAGCCATCCCCAAGCTTGTGATTGTGAAACAAAATGGGGAGGTCATCACCAACAAAGGGCGGAAGCAGATCCGGGAGCGGGGGCTGGCCTGCTTCCAGGACTGGGTGGAGGCAGCCGATATCTTCCAGAATTTCTGCGGTTGA,HELRKRYNVTAIPKLVIVKQNGEVITNKGRKQIRERGLACFQDWVEAADIFQNFCG*,103550612,103550780,1,2,HELRKRYNVTAIPKLVIVKQNGEVITNKGRKQIRERGLACFQDWVEAADIFQNFCG,1,56,103550612,103550780,2,0,TGAGCTGAGGAAGAGGTACAACGTCACAGCCATCCCCAAGCTTGTGATTGTGAAACAAAATGGGGAGGTCATCACCAACAAAGGGCGGAAGCAGATCCGGGAGCGGGGGCTGGCCTGCTTCCAGGACTGGGTGGAGGCAGCCGATATCTTCCAGAATTTCTGCGGTTGA
monodelphis_domestica,ENSMODG00000013386,ENSMODT00000017046,ENSMODE00000139017,ENSMODE00000139017_SE_1,1_0,-1,1,1,1,0,2,0,ATGGCCGACGTGTTTAGCGGGCGCATCCTTGTTAACAAGGACGGGGACGCCGTGGAGCCCGAGGAGGTGCTGCAGAACAAGGTGGTGGGCTTGTACTTCTCCGCGGGCTGGTGCTCGCCGTGCCGGGACTTCACCCCGCTCCTCTGTGACTTCTACACGGAGCTGGTGGAAGAAGCCCAGCCGCCCGCCCCCTTCGAGGTGGTCTTCATCTCCTCGGACCGGACCCCGGAGGAGATGGCCGATTACATGCACGACATGCACGGGGAGTGGCTGGCCCTGCCTTTTCACGACCCTCTCAAGCA,MADVFSGRILVNKDGDAVEPEEVLQNKVVGLYFSAGWCSPCRDFTPLLCDFYTELVEEAQPPAPFEVVFISSDRTPEEMADYMHDMHGEWLALPFHDPLKH,2313926,2313625,1,1,MADVFSGRILVNKDGDAVEPEEVLQNKVVGLYFSAGWCSPCRDFTPLLCDFYTELVEEAQPPAPFEVVFISSDRTPEEMADYMHDMHGEWLALPFHDPLKH,1,101,2313926,2313625,0,2,ATGGCCGACGTGTTTAGCGGGCGCATCCTTGTTAACAAGGACGGGGACGCCGTGGAGCCCGAGGAGGTGCTGCAGAACAAGGTGGTGGGCTTGTACTTCTCCGCGGGCTGGTGCTCGCCGTGCCGGGACTTCACCCCGCTCCTCTGTGACTTCTACACGGAGCTGGTGGAAGAAGCCCAGCCGCCCGCCCCCTTCGAGGTGGTCTTCATCTCCTCGGACCGGACCCCGGAGGAGATGGCCGATTACATGCACGACATGCACGGGGAGTGGCTGGCCCTGCCTTTTCACGACCCTCTCAAGCA
monodelphis_domestica,ENSMODG00000013386,ENSMODT00000017046,ENSMODE00000139019,ENSMODE00000139019_SE_0,3_0,-1,1,2,3,2,0,1,CGATTTGAAGAAGAAGTACAACATCACGGCCATCCCTAAGCTGGTGGTTGTGAAACAGACTGGAGAAGTCATCACGGACAAAGGACGGAAGCAAATCCGAGAACAAGGACTCTCCTGCTTCCAAAGCTGGCTGGAGGGAGCCGACGTCTTCCAGAATTTTTCTGGCTGA,DLKKKYNITAIPKLVVVKQTGEVITDKGRKQIREQGLSCFQSWLEGADVFQNFSG*,2294045,2293877,1,2,DLKKKYNITAIPKLVVVKQTGEVITDKGRKQIREQGLSCFQSWLEGADVFQNFSG,1,55,2294045,2293877,2,0,CGATTTGAAGAAGAAGTACAACATCACGGCCATCCCTAAGCTGGTGGTTGTGAAACAGACTGGAGAAGTCATCACGGACAAAGGACGGAAGCAAATCCGAGAACAAGGACTCTCCTGCTTCCAAAGCTGGCTGGAGGGAGCCGACGTCTTCCAGAATTTTTCTGGCTGA
mus_musculus,ENSMUSG00000021396,ENSMUST00000021828,ENSMUSE00000400684,ENSMUSE00000400684_SE_0,1_0,1,1,1,1,0,2,0,ATGGTGGACGTGCTGGGCGGGCGGCGCCTGGTGACCCGGGAGGGCACGGTGGTGGAGGCCGAGGTGGCGCTGCAGAACAAGGTGGTAGCTTTGTACTTTGCGGCGGGCCGGTGCTCGCCCAGCCGCGACTTCACGCCGCTGCTCTGCGACTTCTACACGGAGCTGGTGAGCGAGGCGCGGCGGCCCGCTCCCTTCGAGGTGGTTTTCGTGTCGGCAGACGGCAGTGCGGAGGAGATGTTGGACTTCATGCGCGAGCTGCACGGCTCCTGGCTGGCATTGCCCTTCCACGACCCCTACCGGCA,MVDVLGGRRLVTREGTVVEAEVALQNKVVALYFAAGRCSPSRDFTPLLCDFYTELVSEARRPAPFEVVFVSADGSAEEMLDFMRELHGSWLALPFHDPYR,51171323,51171624,1,1,MVDVLGGRRLVTREGTVVEAEVALQNKVVALYFAAGRCSPSRDFTPLLCDFYTELVSEARRPAPFEVVFVSADGSAEEMLDFMRELHGSWLALPFHDPYR,1,100,51171323,51171624,0,2,ATGGTGGACGTGCTGGGCGGGCGGCGCCTGGTGACCCGGGAGGGCACGGTGGTGGAGGCCGAGGTGGCGCTGCAGAACAAGGTGGTAGCTTTGTACTTTGCGGCGGGCCGGTGCTCGCCCAGCCGCGACTTCACGCCGCTGCTCTGCGACTTCTACACGGAGCTGGTGAGCGAGGCGCGGCGGCCCGCTCCCTTCGAGGTGGTTTTCGTGTCGGCAGACGGCAGTGCGGAGGAGATGTTGGACTTCATGCGCGAGCTGCACGGCTCCTGGCTGGCATTGCCCTTCCACGACCCCTACCGGCA
mus_musculus,ENSMUSG00000021396,ENSMUST00000021828,ENSMUSE00000117551,ENSMUSE00000117551_SE_1,3_0,1,1,2,3,2,0,1,TGAACTGAAGAAGAGGTACGAAATCACCGCCATCCCCAAGCTGGTGGTCATCAAGCAGAACGGAGCTGTCATCACCAACAAAGGGCGGAAGCAGATCCGAGAGCGCGGGCTAGCTTGCTTTCAGAACTGGGTGGAAGCAGCCGATGTTTTCCAAAACTTCTCGGGGTGA,HELKKRYEITAIPKLVVIKQNGAVITNKGRKQIRERGLACFQNWVEAADVFQNFSG*,51174625,51174793,1,2,HELKKRYEITAIPKLVVIKQNGAVITNKGRKQIRERGLACFQNWVEAADVFQNFSG,1,56,51174625,51174793,2,0,TGAACTGAAGAAGAGGTACGAAATCACCGCCATCCCCAAGCTGGTGGTCATCAAGCAGAACGGAGCTGTCATCACCAACAAAGGGCGGAAGCAGATCCGAGAGCGCGGGCTAGCTTGCTTTCAGAACTGGGTGGAAGCAGCCGATGTTTTCCAAAACTTCTCGGGGTGA
rattus_norvegicus,ENSRNOG00000014538,ENSRNOT00000019489,ENSRNOE00000139040,ENSRNOE00000139040_SE_1,1_0,-1,1,1,1,0,2,0,ATGGTGGACGTGCTGGGCGGGCGGCGCCTGATGACCCGCGAGGGCACGCTGGTGGAGGCCGAGGCGGCGCTGCAGAACAAGGTGGTAGCTCTGTACTTTGCCGCAGGCCGGTGCGCGCCCAGCCGCGACTTCACGCCGCTGCTCTGCGACTTCTACACGGAGCTGGTGAGCGAGGCGCGGCGGCCCGCACCCTTCGAGGTGGTTTTCGTGTCGGCGGACCGCAGCGCCGAAGAGATGCTGGACTTCATGCGCGAGCTGCACGGCTCCTGGCTGGCATTGCCCTTCCACGACCCCTACCGGCA,MVDVLGGRRLMTREGTLVEAEAALQNKVVALYFAAGRCAPSRDFTPLLCDFYTELVSEARRPAPFEVVFVSADRSAEEMLDFMRELHGSWLALPFHDPYRH,14058642,14058341,1,1,MVDVLGGRRLMTREGTLVEAEAALQNKVVALYFAAGRCAPSRDFTPLLCDFYTELVSEARRPAPFEVVFVSADRSAEEMLDFMRELHGSWLALPFHDPYRH,1,101,14058642,14058341,0,2,ATGGTGGACGTGCTGGGCGGGCGGCGCCTGATGACCCGCGAGGGCACGCTGGTGGAGGCCGAGGCGGCGCTGCAGAACAAGGTGGTAGCTCTGTACTTTGCCGCAGGCCGGTGCGCGCCCAGCCGCGACTTCACGCCGCTGCTCTGCGACTTCTACACGGAGCTGGTGAGCGAGGCGCGGCGGCCCGCACCCTTCGAGGTGGTTTTCGTGTCGGCGGACCGCAGCGCCGAAGAGATGCTGGACTTCATGCGCGAGCTGCACGGCTCCTGGCTGGCATTGCCCTTCCACGACCCCTACCGGCA
rattus_norvegicus,ENSRNOG00000014538,ENSRNOT00000019489,ENSRNOE00000480255,ENSRNOE00000480255_SE_0,3_0,-1,1,2,3,2,0,1,TGAGCTGAAGAAGAGGTATGACATCACCGTCATCCCCAAGGTCGTGGTCATCAAGCAGAATGGAGCCGTCATCACCAACAAAGGGCGGAAACAGATCCGGGAGCGCGGACTAGCTTGCTTTCAGAACTGGGTGGAAGCAGCTGATGTTTTCCAAAACTTCTCAGGGTGA,ELKKRYDITVIPKVVVIKQNGAVITNKGRKQIRERGLACFQNWVEAADVFQNFSG*,14054484,14054316,1,2,ELKKRYDITVIPKVVVIKQNGAVITNKGRKQIRERGLACFQNWVEAADVFQNFSG,1,55,14054484,14054316,2,0,TGAGCTGAAGAAGAGGTATGACATCACCGTCATCCCCAAGGTCGTGGTCATCAAGCAGAATGGAGCCGTCATCACCAACAAAGGGCGGAAACAGATCCGGGAGCGCGGACTAGCTTGCTTTCAGAACTGGGTGGAAGCAGCTGATGTTTTCCAAAACTTCTCAGGGTGA
sus_scrofa,ENSSSCG00000035269,ENSSSCT00000050066,ENSSSCE00000305470,ENSSSCE00000305470_SE_0,1_0,1,1,2,1,0,2,0,ATGGTGGACGTGCTGGGCGGGCGGTGCCTGGTGACCTGCGACGGCGCGTGGGTCGAGGCCGAAACGGCCCTGCAGAACAAGGTGGTGGCGCTGTACTTCGCCGCGGGCCGGTGTGCGCCAAGCCGCGATTTCACCCCGCTGCTCTGCGACTTTTACGCTGAGCTAGTGGACGAAGCGCAGCCGCCCGCGCCCTTCGAGGTGGTCTTCGTGTCTGCCGACGGCAGCGCACAGGAGATGCTGGACTTCATGCGCGAGCTCCATGGAGCTTGGCTGGCGCTGCCCTTCCACGACCCCTACCGGCA,MVDVLGGRCLVTCDGAWVEAETALQNKVVALYFAAGRCAPSRDFTPLLCDFYAELVDEAQPPAPFEVVFVSADGSAQEMLDFMRELHGAWLALPFHDPYR,348915,349216,1,1,MVDVLGGRCLVTCDGAWVEAETALQNKVVALYFAAGRCAPSRDFTPLLCDFYAELVDEAQPPAPFEVVFVSADGSAQEMLDFMRELHGAWLALPFHDPYR,1,100,348915,349216,0,2,ATGGTGGACGTGCTGGGCGGGCGGTGCCTGGTGACCTGCGACGGCGCGTGGGTCGAGGCCGAAACGGCCCTGCAGAACAAGGTGGTGGCGCTGTACTTCGCCGCGGGCCGGTGTGCGCCAAGCCGCGATTTCACCCCGCTGCTCTGCGACTTTTACGCTGAGCTAGTGGACGAAGCGCAGCCGCCCGCGCCCTTCGAGGTGGTCTTCGTGTCTGCCGACGGCAGCGCACAGGAGATGCTGGACTTCATGCGCGAGCTCCATGGAGCTTGGCTGGCGCTGCCCTTCCACGACCCCTACCGGCA
sus_scrofa,ENSSSCG00000035269,ENSSSCT00000050066,ENSSSCE00000279932,ENSSSCE00000279932_SE_1,3_0,1,1,3,3,2,0,1,TGAGCTGAGGACCAGGTACCGCATCACGGCCGTCCCCCGGCTTGTGATCCTGAAACCAAACGGGGAAGTCATCACTGACAAAGGACGGAAGCAGATCCGGGAGCGCGGGGTGGCCTGCTTCCAGAACTGGCTGGAAGCTGCTGACATCTTCCAGAACTTCTCTGGTTGA,HELRTRYRITAVPRLVILKPNGEVITDKGRKQIRERGVACFQNWLEAADIFQNFSG*,356655,356823,1,2,HELRTRYRITAVPRLVILKPNGEVITDKGRKQIRERGVACFQNWLEAADIFQNFSG,1,56,356655,356823,2,0,TGAGCTGAGGACCAGGTACCGCATCACGGCCGTCCCCCGGCTTGTGATCCTGAAACCAAACGGGGAAGTCATCACTGACAAAGGACGGAAGCAGATCCGGGAGCGCGGGGTGGCCTGCTTCCAGAACTGGCTGGAAGCTGCTGACATCTTCCAGAACTTCTCTGGTTGA
xenopus_tropicalis,ENSXETG00000019220,ENSXETT00000052949,ENSXETE00000009293,ENSXETE00000009293_SE_0,1_0,1,1,2,1,0,2,0,ATGGATATTTTTAGTGGACACATCCTACTCAACAAGTATGGTGAGAGAGTTGATCCGGAAGAGGCCTTGCAGAACAAAATTGTTGGCTTGTATTTCTCAGCCAGATGGTGCTCACCTTGCAGAGATTTTACTCCTGTCCTGTGTGACTTTTACGCAGAGTTGGTGGAGGAATCTGATCCACCTGCTCAATTCGAAATAGTATTTATTTCGTCAGATAAAAGTCCAGAAGACATGGTGGATTACATACATGATATGCACGGCGATTGGCTGGCTTTGCCATTTCATGACCCATACAAGCA,MDIFSGHILLNKYGERVDPEEALQNKIVGLYFSARWCSPCRDFTPVLCDFYAELVEESDPPAQFEIVFISSDKSPEDMVDYIHDMHGDWLALPFHDPYK,125387600,125387898,1,1,MDIFSGHILLNKYGERVDPEEALQNKIVGLYFSARWCSPCRDFTPVLCDFYAELVEESDPPAQFEIVFISSDKSPEDMVDYIHDMHGDWLALPFHDPYK,1,99,125387600,125387898,0,2,ATGGATATTTTTAGTGGACACATCCTACTCAACAAGTATGGTGAGAGAGTTGATCCGGAAGAGGCCTTGCAGAACAAAATTGTTGGCTTGTATTTCTCAGCCAGATGGTGCTCACCTTGCAGAGATTTTACTCCTGTCCTGTGTGACTTTTACGCAGAGTTGGTGGAGGAATCTGATCCACCTGCTCAATTCGAAATAGTATTTATTTCGTCAGATAAAAGTCCAGAAGACATGGTGGATTACATACATGATATGCACGGCGATTGGCTGGCTTTGCCATTTCATGACCCATACAAGCA
xenopus_tropicalis,ENSXETG00000019220,ENSXETT00000052949,ENSXETE00000009299,ENSXETE00000009299_SE_1,3_0,1,1,3,3,2,0,1,TGAACTAAAGAACAAGTACAAGATAACCGCCTTACCTAAACTGGTTATAGTAAAGCAAAATGGAGACGTAATTACTGATAAGGGAAGAAAACAGATCAGAGACCGAGGTCTGAGCTGCTTCCGTACATGGCTTGAAGTGGGCGATGTTTTTCAGAACTTCACCGGCAAATAG,HELKNKYKITALPKLVIVKQNGDVITDKGRKQIRDRGLSCFRTWLEVGDVFQNFTGK*,125392023,125392194,1,2,HELKNKYKITALPKLVIVKQNGDVITDKGRKQIRDRGLSCFRTWLEVGDVFQNFTGK,1,57,125392023,125392194,2,0,TGAACTAAAGAACAAGTACAAGATAACCGCCTTACCTAAACTGGTTATAGTAAAGCAAAATGGAGACGTAATTACTGATAAGGGAAGAAAACAGATCAGAGACCGAGGTCTGAGCTGCTTCCGTACATGGCTTGAAGTGGGCGATGTTTTTCAGAACTTCACCGGCAAATAG
